<b:beans xmlns:b="http://www.springframework.org/schema/beans"
	xmlns="http://www.springframework.org/schema/security"
	xmlns:xsi="http://www.w3.org/2001/XMLSchema-instance"
	xsi:schemaLocation="http://www.springframework.org/schema/beans 
	https://www.springframework.org/schema/beans/spring-beans.xsd
	http://www.springframework.org/schema/security 
	https://www.springframework.org/schema/security/spring-security.xsd">

	<http auto-config="true">
		<intercept-url pattern="/admin"
			access="hasRole('ROLE_ADMIN')" />
		<intercept-url pattern="/"
			access="permitAll" />
		<intercept-url pattern="/user"
			access="hasRole('ROLE_USER')" />
	</http>
	<authentication-manager>
		<authentication-provider>
			<user-service>
				<user name="admin" password="pass@1234"
					authorities="ROLE_ADMIN" />
				<user name="user" password="pass@1245"
					authorities="ROLE_USER" />
			</user-service>
		</authentication-provider>
	</authentication-manager>
</b:beans>